{
  "run_id": "20260722-180348-dc0eb1",
  "timestamp": "2026-07-22T18:03:48",
  "config": {
    "model_name": "microsoft/BiomedNLP-BiomedBERT-base-uncased-abstract-fulltext",
    "epochs": 3,
    "lr": 2e-05,
    "batch_size": 32,
    "max_length": 256,
    "marker_init": "random",
    "neg_ratio": 2,
    "seed": 2,
    "dataset": "human"
  },
  "metrics": {
    "micro_f1_pos": 0.7753086419753087,
    "micro_p_pos": 0.6826086956521739,
    "micro_r_pos": 0.8971428571428571,
    "macro_f1_pos": 0.7116485695884821,
    "macro_p_pos": 0.6084850315945416,
    "macro_r_pos": 0.8920492761389938,
    "f1_ADVISE": 0.7670588235294118,
    "p_ADVISE": 0.6653061224489796,
    "r_ADVISE": 0.9055555555555556,
    "support_ADVISE": 180.0,
    "f1_EFFECT": 0.7724137931034483,
    "p_EFFECT": 0.6693227091633466,
    "r_EFFECT": 0.9130434782608695,
    "support_EFFECT": 368.0,
    "f1_INT": 0.5,
    "p_INT": 0.35,
    "r_INT": 0.875,
    "support_INT": 16.0,
    "f1_MECHANISM": 0.8071216617210683,
    "p_MECHANISM": 0.7493112947658402,
    "r_MECHANISM": 0.8745980707395499,
    "support_MECHANISM": 311.0,
    "micro_f1_pos_DrugBank": 0.7829218106995884,
    "micro_p_pos_DrugBank": 0.6937101185050136,
    "micro_r_pos_DrugBank": 0.898465171192444,
    "micro_f1_pos_MedLine": 0.5925925925925926,
    "micro_p_pos_MedLine": 0.4528301886792453,
    "micro_r_pos_MedLine": 0.8571428571428571,
    "train_size": 9021,
    "val_size": 7558,
    "train_time": 63.9
  },
  "notes": "",
  "git_sha": "f998ac9676889eb44ca9dd787c536ce282d13214",
  "git_dirty": false
}