{
  "run_id": "20260722-174214-ffa9b7",
  "timestamp": "2026-07-22T17:42:14",
  "config": {
    "model_name": "microsoft/BiomedNLP-BiomedBERT-base-uncased-abstract-fulltext",
    "epochs": 3,
    "lr": 2e-05,
    "batch_size": 32,
    "max_length": 256,
    "marker_init": "subword",
    "neg_ratio": 2,
    "seed": 0,
    "dataset": "human"
  },
  "metrics": {
    "micro_f1_pos": 0.7852450732693279,
    "micro_p_pos": 0.7038043478260869,
    "micro_r_pos": 0.888,
    "macro_f1_pos": 0.7424815836854461,
    "macro_p_pos": 0.6511167520339776,
    "macro_r_pos": 0.8715443306615717,
    "f1_ADVISE": 0.7799043062200957,
    "p_ADVISE": 0.6848739495798319,
    "r_ADVISE": 0.9055555555555556,
    "support_ADVISE": 180.0,
    "f1_EFFECT": 0.7847800237812128,
    "p_EFFECT": 0.6976744186046512,
    "r_EFFECT": 0.8967391304347826,
    "support_EFFECT": 368.0,
    "f1_INT": 0.6046511627906976,
    "p_INT": 0.48148148148148145,
    "r_INT": 0.8125,
    "support_INT": 16.0,
    "f1_MECHANISM": 0.8005908419497785,
    "p_MECHANISM": 0.7404371584699454,
    "r_MECHANISM": 0.8713826366559485,
    "support_MECHANISM": 311.0,
    "micro_f1_pos_DrugBank": 0.7959936742224565,
    "micro_p_pos_DrugBank": 0.719047619047619,
    "micro_r_pos_DrugBank": 0.8913813459268005,
    "micro_f1_pos_MedLine": 0.5365853658536586,
    "micro_p_pos_MedLine": 0.4074074074074074,
    "micro_r_pos_MedLine": 0.7857142857142857,
    "train_size": 9021,
    "val_size": 7558,
    "train_time": 70.4
  },
  "notes": "",
  "git_sha": "f998ac9676889eb44ca9dd787c536ce282d13214",
  "git_dirty": false
}