{
  "run_id": "20260722-182515-8dd6db",
  "timestamp": "2026-07-22T18:25:15",
  "config": {
    "model_name": "microsoft/BiomedNLP-BiomedBERT-base-uncased-abstract-fulltext",
    "epochs": 3,
    "lr": 2e-05,
    "batch_size": 32,
    "max_length": 256,
    "marker_init": "mean",
    "neg_ratio": 5,
    "seed": 0,
    "dataset": "human"
  },
  "metrics": {
    "micro_f1_pos": 0.8123644251626898,
    "micro_p_pos": 0.7729618163054696,
    "micro_r_pos": 0.856,
    "macro_f1_pos": 0.7593794039008683,
    "macro_p_pos": 0.7103439807096928,
    "macro_r_pos": 0.8196310891312114,
    "f1_ADVISE": 0.8247422680412371,
    "p_ADVISE": 0.7692307692307693,
    "r_ADVISE": 0.8888888888888888,
    "support_ADVISE": 180.0,
    "f1_EFFECT": 0.8010204081632653,
    "p_EFFECT": 0.7548076923076923,
    "r_EFFECT": 0.8532608695652174,
    "support_EFFECT": 368.0,
    "f1_INT": 0.5789473684210527,
    "p_INT": 0.5,
    "r_INT": 0.6875,
    "support_INT": 16.0,
    "f1_MECHANISM": 0.832807570977918,
    "p_MECHANISM": 0.8173374613003096,
    "r_MECHANISM": 0.8488745980707395,
    "support_MECHANISM": 311.0,
    "micro_f1_pos_DrugBank": 0.8195615514333895,
    "micro_p_pos_DrugBank": 0.7821888412017167,
    "micro_r_pos_DrugBank": 0.8606847697756789,
    "micro_f1_pos_MedLine": 0.6153846153846154,
    "micro_p_pos_MedLine": 0.5405405405405406,
    "micro_r_pos_MedLine": 0.7142857142857143,
    "train_size": 18042,
    "val_size": 7558,
    "train_time": 123.6
  },
  "notes": "",
  "git_sha": "f998ac9676889eb44ca9dd787c536ce282d13214",
  "git_dirty": false
}