{
  "run_id": "20260722-234857-3e3a60",
  "timestamp": "2026-07-22T23:48:57",
  "config": {
    "model_name": "microsoft/BiomedNLP-BiomedBERT-base-uncased-abstract-fulltext",
    "epochs": 3,
    "lr": 2e-05,
    "batch_size": 32,
    "max_length": 256,
    "neg_ratio": null,
    "seed": 2,
    "dataset": "human",
    "eval_id": "20260722-232928-760cc5"
  },
  "metrics": {
    "micro_f1_pos": 0.8040712468193384,
    "micro_p_pos": 0.7623642943305187,
    "micro_r_pos": 0.8506056527590848,
    "macro_f1_pos": 0.7764792407568277,
    "macro_p_pos": 0.7214034571894105,
    "macro_r_pos": 0.8496885277770679,
    "f1_ADVISE": 0.7431693989071039,
    "p_ADVISE": 0.6570048309178744,
    "r_ADVISE": 0.8553459119496856,
    "support_ADVISE": 159.0,
    "f1_EFFECT": 0.8132911392405063,
    "p_EFFECT": 0.7603550295857988,
    "r_EFFECT": 0.8741496598639455,
    "support_EFFECT": 294.0,
    "f1_INT": 0.7096774193548387,
    "p_INT": 0.6111111111111112,
    "r_INT": 0.8461538461538461,
    "support_INT": 13.0,
    "f1_MECHANISM": 0.8397790055248618,
    "p_MECHANISM": 0.8571428571428571,
    "r_MECHANISM": 0.8231046931407943,
    "support_MECHANISM": 277.0,
    "micro_f1_pos_DrugBank": 0.8089005235602095,
    "micro_p_pos_DrugBank": 0.7677018633540372,
    "micro_r_pos_DrugBank": 0.8547717842323651,
    "micro_f1_pos_MedLine": 0.6363636363636364,
    "micro_p_pos_MedLine": 0.5833333333333334,
    "micro_r_pos_MedLine": 0.7,
    "train_size": 26785,
    "val_size": 6276,
    "train_time": 393.6
  },
  "notes": "human baseline, 70/15/15 split, winning config",
  "git_sha": "382a26568a718168228e3bcbe651c3e0f15c2f27",
  "git_dirty": true
}