{
  "run_id": "20260722-182104-a3d5e8",
  "timestamp": "2026-07-22T18:21:04",
  "config": {
    "model_name": "microsoft/BiomedNLP-BiomedBERT-base-uncased-abstract-fulltext",
    "epochs": 3,
    "lr": 2e-05,
    "batch_size": 32,
    "max_length": 256,
    "marker_init": "mean",
    "neg_ratio": 2,
    "seed": 0,
    "dataset": "human"
  },
  "metrics": {
    "micro_f1_pos": 0.7874267448055408,
    "micro_p_pos": 0.7375249500998003,
    "micro_r_pos": 0.8445714285714285,
    "macro_f1_pos": 0.7543249032636606,
    "macro_p_pos": 0.689160998464563,
    "macro_r_pos": 0.8390566992093449,
    "f1_ADVISE": 0.7828282828282829,
    "p_ADVISE": 0.7175925925925926,
    "r_ADVISE": 0.8611111111111112,
    "support_ADVISE": 180.0,
    "f1_EFFECT": 0.7958656330749354,
    "p_EFFECT": 0.7586206896551724,
    "r_EFFECT": 0.8369565217391305,
    "support_EFFECT": 368.0,
    "f1_INT": 0.65,
    "p_INT": 0.5416666666666666,
    "r_INT": 0.8125,
    "support_INT": 16.0,
    "f1_MECHANISM": 0.7886056971514243,
    "p_MECHANISM": 0.7387640449438202,
    "r_MECHANISM": 0.8456591639871383,
    "support_MECHANISM": 311.0,
    "micro_f1_pos_DrugBank": 0.7944598337950138,
    "micro_p_pos_DrugBank": 0.7484342379958246,
    "micro_r_pos_DrugBank": 0.846517119244392,
    "micro_f1_pos_MedLine": 0.6111111111111112,
    "micro_p_pos_MedLine": 0.5,
    "micro_r_pos_MedLine": 0.7857142857142857,
    "train_size": 9021,
    "val_size": 7558,
    "train_time": 63.8
  },
  "notes": "",
  "git_sha": "f998ac9676889eb44ca9dd787c536ce282d13214",
  "git_dirty": false
}