{
  "run_id": "20260722-183924-b20d2c",
  "timestamp": "2026-07-22T18:39:24",
  "config": {
    "model_name": "microsoft/BiomedNLP-BiomedBERT-base-uncased-abstract-fulltext",
    "epochs": 3,
    "lr": 2e-05,
    "batch_size": 32,
    "max_length": 256,
    "marker_init": "mean",
    "neg_ratio": null,
    "seed": 2,
    "dataset": "human"
  },
  "metrics": {
    "micro_f1_pos": 0.8448471121177803,
    "micro_p_pos": 0.8372615039281706,
    "micro_r_pos": 0.8525714285714285,
    "macro_f1_pos": 0.7778669347936379,
    "macro_p_pos": 0.7609813693902796,
    "macro_r_pos": 0.7970085880827003,
    "f1_ADVISE": 0.825136612021858,
    "p_ADVISE": 0.8118279569892473,
    "r_ADVISE": 0.8388888888888889,
    "support_ADVISE": 180.0,
    "f1_EFFECT": 0.8536585365853658,
    "p_EFFECT": 0.8513513513513513,
    "r_EFFECT": 0.8559782608695652,
    "support_EFFECT": 368.0,
    "f1_INT": 0.5714285714285714,
    "p_INT": 0.5263157894736842,
    "r_INT": 0.625,
    "support_INT": 16.0,
    "f1_MECHANISM": 0.861244019138756,
    "p_MECHANISM": 0.8544303797468354,
    "r_MECHANISM": 0.8681672025723473,
    "support_MECHANISM": 311.0,
    "micro_f1_pos_DrugBank": 0.8526130358191427,
    "micro_p_pos_DrugBank": 0.8481308411214953,
    "micro_r_pos_DrugBank": 0.8571428571428571,
    "micro_f1_pos_MedLine": 0.6349206349206349,
    "micro_p_pos_MedLine": 0.5714285714285714,
    "micro_r_pos_MedLine": 0.7142857142857143,
    "train_size": 29746,
    "val_size": 7558,
    "train_time": 200.8
  },
  "notes": "",
  "git_sha": "f998ac9676889eb44ca9dd787c536ce282d13214",
  "git_dirty": false
}