{
  "run_id": "20260722-180755-46c064",
  "timestamp": "2026-07-22T18:07:55",
  "config": {
    "model_name": "microsoft/BiomedNLP-BiomedBERT-base-uncased-abstract-fulltext",
    "epochs": 3,
    "lr": 2e-05,
    "batch_size": 32,
    "max_length": 256,
    "marker_init": "random",
    "neg_ratio": 5,
    "seed": 1,
    "dataset": "human"
  },
  "metrics": {
    "micro_f1_pos": 0.8353326063249727,
    "micro_p_pos": 0.7987486965589156,
    "micro_r_pos": 0.8754285714285714,
    "macro_f1_pos": 0.7929314451999737,
    "macro_p_pos": 0.7401672178829956,
    "macro_r_pos": 0.8616068724078475,
    "f1_ADVISE": 0.8412698412698413,
    "p_ADVISE": 0.803030303030303,
    "r_ADVISE": 0.8833333333333333,
    "support_ADVISE": 180.0,
    "f1_EFFECT": 0.8268733850129198,
    "p_EFFECT": 0.7881773399014779,
    "r_EFFECT": 0.8695652173913043,
    "support_EFFECT": 368.0,
    "f1_INT": 0.65,
    "p_INT": 0.5416666666666666,
    "r_INT": 0.8125,
    "support_INT": 16.0,
    "f1_MECHANISM": 0.8535825545171339,
    "p_MECHANISM": 0.8277945619335347,
    "r_MECHANISM": 0.8810289389067524,
    "support_MECHANISM": 311.0,
    "micro_f1_pos_DrugBank": 0.841511562323745,
    "micro_p_pos_DrugBank": 0.8056155507559395,
    "micro_r_pos_DrugBank": 0.8807556080283353,
    "micro_f1_pos_MedLine": 0.6557377049180327,
    "micro_p_pos_MedLine": 0.6060606060606061,
    "micro_r_pos_MedLine": 0.7142857142857143,
    "train_size": 18042,
    "val_size": 7558,
    "train_time": 123.2
  },
  "notes": "",
  "git_sha": "f998ac9676889eb44ca9dd787c536ce282d13214",
  "git_dirty": false
}