{
  "run_id": "20260722-174317-3b112b",
  "timestamp": "2026-07-22T17:43:17",
  "config": {
    "model_name": "microsoft/BiomedNLP-BiomedBERT-base-uncased-abstract-fulltext",
    "epochs": 3,
    "lr": 2e-05,
    "batch_size": 32,
    "max_length": 256,
    "marker_init": "subword",
    "neg_ratio": 2,
    "seed": 1,
    "dataset": "human"
  },
  "metrics": {
    "micro_f1_pos": 0.7701375245579568,
    "micro_p_pos": 0.6752799310938846,
    "micro_r_pos": 0.896,
    "macro_f1_pos": 0.688630492179781,
    "macro_p_pos": 0.5873817138138386,
    "macro_r_pos": 0.8588894811034997,
    "f1_ADVISE": 0.7344110854503464,
    "p_ADVISE": 0.6284584980237155,
    "r_ADVISE": 0.8833333333333333,
    "support_ADVISE": 180.0,
    "f1_EFFECT": 0.7929824561403509,
    "p_EFFECT": 0.6960985626283368,
    "r_EFFECT": 0.9211956521739131,
    "support_EFFECT": 368.0,
    "f1_INT": 0.43636363636363634,
    "p_INT": 0.3076923076923077,
    "r_INT": 0.75,
    "support_INT": 16.0,
    "f1_MECHANISM": 0.7907647907647908,
    "p_MECHANISM": 0.7172774869109948,
    "r_MECHANISM": 0.8810289389067524,
    "support_MECHANISM": 311.0,
    "micro_f1_pos_DrugBank": 0.7791942886282509,
    "micro_p_pos_DrugBank": 0.6858168761220825,
    "micro_r_pos_DrugBank": 0.9020070838252656,
    "micro_f1_pos_MedLine": 0.5333333333333333,
    "micro_p_pos_MedLine": 0.425531914893617,
    "micro_r_pos_MedLine": 0.7142857142857143,
    "train_size": 9021,
    "val_size": 7558,
    "train_time": 63.9
  },
  "notes": "",
  "git_sha": "f998ac9676889eb44ca9dd787c536ce282d13214",
  "git_dirty": false
}