{
  "run_id": "20260722-182312-cc6e5e",
  "timestamp": "2026-07-22T18:23:12",
  "config": {
    "model_name": "microsoft/BiomedNLP-BiomedBERT-base-uncased-abstract-fulltext",
    "epochs": 3,
    "lr": 2e-05,
    "batch_size": 32,
    "max_length": 256,
    "marker_init": "mean",
    "neg_ratio": 2,
    "seed": 2,
    "dataset": "human"
  },
  "metrics": {
    "micro_f1_pos": 0.7672064777327935,
    "micro_p_pos": 0.6884650317892824,
    "micro_r_pos": 0.8662857142857143,
    "macro_f1_pos": 0.7239829563175906,
    "macro_p_pos": 0.6341051849779646,
    "macro_r_pos": 0.8550514935458317,
    "f1_ADVISE": 0.7737226277372263,
    "p_ADVISE": 0.6883116883116883,
    "r_ADVISE": 0.8833333333333333,
    "support_ADVISE": 180.0,
    "f1_EFFECT": 0.7615658362989324,
    "p_EFFECT": 0.6757894736842105,
    "r_EFFECT": 0.8722826086956522,
    "support_EFFECT": 368.0,
    "f1_INT": 0.5777777777777777,
    "p_INT": 0.4482758620689655,
    "r_INT": 0.8125,
    "support_INT": 16.0,
    "f1_MECHANISM": 0.7828655834564254,
    "p_MECHANISM": 0.7240437158469946,
    "r_MECHANISM": 0.8520900321543409,
    "support_MECHANISM": 311.0,
    "micro_f1_pos_DrugBank": 0.7732772225144661,
    "micro_p_pos_DrugBank": 0.6973434535104365,
    "micro_r_pos_DrugBank": 0.8677685950413223,
    "micro_f1_pos_MedLine": 0.6133333333333333,
    "micro_p_pos_MedLine": 0.48936170212765956,
    "micro_r_pos_MedLine": 0.8214285714285714,
    "train_size": 9021,
    "val_size": 7558,
    "train_time": 63.9
  },
  "notes": "",
  "git_sha": "f998ac9676889eb44ca9dd787c536ce282d13214",
  "git_dirty": false
}