{
  "run_id": "20260722-180551-e4a7d4",
  "timestamp": "2026-07-22T18:05:51",
  "config": {
    "model_name": "microsoft/BiomedNLP-BiomedBERT-base-uncased-abstract-fulltext",
    "epochs": 3,
    "lr": 2e-05,
    "batch_size": 32,
    "max_length": 256,
    "marker_init": "random",
    "neg_ratio": 5,
    "seed": 0,
    "dataset": "human"
  },
  "metrics": {
    "micro_f1_pos": 0.8277008310249307,
    "micro_p_pos": 0.8032258064516129,
    "micro_r_pos": 0.8537142857142858,
    "macro_f1_pos": 0.7786422298054956,
    "macro_p_pos": 0.7465641455555265,
    "macro_r_pos": 0.8165667668577288,
    "f1_ADVISE": 0.8457446808510638,
    "p_ADVISE": 0.8112244897959183,
    "r_ADVISE": 0.8833333333333333,
    "support_ADVISE": 180.0,
    "f1_EFFECT": 0.8251928020565553,
    "p_EFFECT": 0.7829268292682927,
    "r_EFFECT": 0.8722826086956522,
    "support_EFFECT": 368.0,
    "f1_INT": 0.6111111111111112,
    "p_INT": 0.55,
    "r_INT": 0.6875,
    "support_INT": 16.0,
    "f1_MECHANISM": 0.832520325203252,
    "p_MECHANISM": 0.8421052631578947,
    "r_MECHANISM": 0.8231511254019293,
    "support_MECHANISM": 311.0,
    "micro_f1_pos_DrugBank": 0.8332378223495702,
    "micro_p_pos_DrugBank": 0.8095768374164811,
    "micro_r_pos_DrugBank": 0.8583234946871311,
    "micro_f1_pos_MedLine": 0.6666666666666666,
    "micro_p_pos_MedLine": 0.625,
    "micro_r_pos_MedLine": 0.7142857142857143,
    "train_size": 18042,
    "val_size": 7558,
    "train_time": 123.1
  },
  "notes": "",
  "git_sha": "f998ac9676889eb44ca9dd787c536ce282d13214",
  "git_dirty": false
}