{
  "run_id": "20260722-183243-905fcc",
  "timestamp": "2026-07-22T18:32:43",
  "config": {
    "model_name": "microsoft/BiomedNLP-BiomedBERT-base-uncased-abstract-fulltext",
    "epochs": 3,
    "lr": 2e-05,
    "batch_size": 32,
    "max_length": 256,
    "marker_init": "mean",
    "neg_ratio": null,
    "seed": 0,
    "dataset": "human"
  },
  "metrics": {
    "micro_f1_pos": 0.8501978518937253,
    "micro_p_pos": 0.8411633109619687,
    "micro_r_pos": 0.8594285714285714,
    "macro_f1_pos": 0.801483859109182,
    "macro_p_pos": 0.7746053793046863,
    "macro_r_pos": 0.834984204374233,
    "f1_ADVISE": 0.839572192513369,
    "p_ADVISE": 0.8092783505154639,
    "r_ADVISE": 0.8722222222222222,
    "support_ADVISE": 180.0,
    "f1_EFFECT": 0.8559782608695652,
    "p_EFFECT": 0.8559782608695652,
    "r_EFFECT": 0.8559782608695652,
    "support_EFFECT": 368.0,
    "f1_INT": 0.6486486486486487,
    "p_INT": 0.5714285714285714,
    "r_INT": 0.75,
    "support_INT": 16.0,
    "f1_MECHANISM": 0.8617363344051447,
    "p_MECHANISM": 0.8617363344051447,
    "r_MECHANISM": 0.8617363344051447,
    "support_MECHANISM": 311.0,
    "micro_f1_pos_DrugBank": 0.8583138173302107,
    "micro_p_pos_DrugBank": 0.851335656213705,
    "micro_r_pos_DrugBank": 0.8654073199527745,
    "micro_f1_pos_MedLine": 0.6229508196721312,
    "micro_p_pos_MedLine": 0.5757575757575758,
    "micro_r_pos_MedLine": 0.6785714285714286,
    "train_size": 29746,
    "val_size": 7558,
    "train_time": 200.9
  },
  "notes": "",
  "git_sha": "f998ac9676889eb44ca9dd787c536ce282d13214",
  "git_dirty": false
}