{
  "run_id": "20260722-234223-658584",
  "timestamp": "2026-07-22T23:42:23",
  "config": {
    "model_name": "microsoft/BiomedNLP-BiomedBERT-base-uncased-abstract-fulltext",
    "epochs": 3,
    "lr": 2e-05,
    "batch_size": 32,
    "max_length": 256,
    "neg_ratio": null,
    "seed": 1,
    "dataset": "human",
    "eval_id": "20260722-232928-760cc5"
  },
  "metrics": {
    "micro_f1_pos": 0.8174603174603174,
    "micro_p_pos": 0.8036410923276983,
    "micro_r_pos": 0.8317631224764468,
    "macro_f1_pos": 0.7670904388366442,
    "macro_p_pos": 0.7311733328033017,
    "macro_r_pos": 0.8201166934369226,
    "f1_ADVISE": 0.770949720670391,
    "p_ADVISE": 0.6934673366834171,
    "r_ADVISE": 0.8679245283018868,
    "support_ADVISE": 159.0,
    "f1_EFFECT": 0.8648648648648649,
    "p_EFFECT": 0.8590604026845637,
    "r_EFFECT": 0.8707482993197279,
    "support_EFFECT": 294.0,
    "f1_INT": 0.625,
    "p_INT": 0.5263157894736842,
    "r_INT": 0.7692307692307693,
    "support_INT": 13.0,
    "f1_MECHANISM": 0.8075471698113208,
    "p_MECHANISM": 0.8458498023715415,
    "r_MECHANISM": 0.7725631768953068,
    "support_MECHANISM": 277.0,
    "micro_f1_pos_DrugBank": 0.8228882833787466,
    "micro_p_pos_DrugBank": 0.810738255033557,
    "micro_r_pos_DrugBank": 0.8354080221300139,
    "micro_f1_pos_MedLine": 0.6363636363636364,
    "micro_p_pos_MedLine": 0.5833333333333334,
    "micro_r_pos_MedLine": 0.7,
    "train_size": 26785,
    "val_size": 6276,
    "train_time": 392.6
  },
  "notes": "human baseline, 70/15/15 split, winning config",
  "git_sha": "382a26568a718168228e3bcbe651c3e0f15c2f27",
  "git_dirty": true
}