{
  "run_id": "20260722-175715-6efcb8",
  "timestamp": "2026-07-22T17:57:15",
  "config": {
    "model_name": "microsoft/BiomedNLP-BiomedBERT-base-uncased-abstract-fulltext",
    "epochs": 3,
    "lr": 2e-05,
    "batch_size": 32,
    "max_length": 256,
    "marker_init": "subword",
    "neg_ratio": null,
    "seed": 1,
    "dataset": "human"
  },
  "metrics": {
    "micro_f1_pos": 0.8353726362625139,
    "micro_p_pos": 0.8136511375947996,
    "micro_r_pos": 0.8582857142857143,
    "macro_f1_pos": 0.7626455175245951,
    "macro_p_pos": 0.7301078969566451,
    "macro_r_pos": 0.8014508772542989,
    "f1_ADVISE": 0.7806122448979592,
    "p_ADVISE": 0.7216981132075472,
    "r_ADVISE": 0.85,
    "support_ADVISE": 180.0,
    "f1_EFFECT": 0.8734693877551021,
    "p_EFFECT": 0.8746594005449592,
    "r_EFFECT": 0.8722826086956522,
    "support_EFFECT": 368.0,
    "f1_INT": 0.5555555555555556,
    "p_INT": 0.5,
    "r_INT": 0.625,
    "support_INT": 16.0,
    "f1_MECHANISM": 0.8409448818897638,
    "p_MECHANISM": 0.8240740740740741,
    "r_MECHANISM": 0.8585209003215434,
    "support_MECHANISM": 311.0,
    "micro_f1_pos_DrugBank": 0.8413793103448276,
    "micro_p_pos_DrugBank": 0.8197088465845465,
    "micro_r_pos_DrugBank": 0.8642266824085005,
    "micro_f1_pos_MedLine": 0.6551724137931034,
    "micro_p_pos_MedLine": 0.6333333333333333,
    "micro_r_pos_MedLine": 0.6785714285714286,
    "train_size": 29746,
    "val_size": 7558,
    "train_time": 200.7
  },
  "notes": "",
  "git_sha": "f998ac9676889eb44ca9dd787c536ce282d13214",
  "git_dirty": false
}