{
  "run_id": "20260722-233549-1ff0ff",
  "timestamp": "2026-07-22T23:35:49",
  "config": {
    "model_name": "microsoft/BiomedNLP-BiomedBERT-base-uncased-abstract-fulltext",
    "epochs": 3,
    "lr": 2e-05,
    "batch_size": 32,
    "max_length": 256,
    "neg_ratio": null,
    "seed": 0,
    "dataset": "human",
    "eval_id": "20260722-232928-760cc5"
  },
  "metrics": {
    "micro_f1_pos": 0.8165997322623829,
    "micro_p_pos": 0.8122503328894807,
    "micro_r_pos": 0.8209959623149394,
    "macro_f1_pos": 0.7643815353947452,
    "macro_p_pos": 0.7362080617556269,
    "macro_r_pos": 0.8053285596696906,
    "f1_ADVISE": 0.7477744807121661,
    "p_ADVISE": 0.7078651685393258,
    "r_ADVISE": 0.7924528301886793,
    "support_ADVISE": 159.0,
    "f1_EFFECT": 0.8517241379310345,
    "p_EFFECT": 0.8636363636363636,
    "r_EFFECT": 0.8401360544217688,
    "support_EFFECT": 294.0,
    "f1_INT": 0.625,
    "p_INT": 0.5263157894736842,
    "r_INT": 0.7692307692307693,
    "support_INT": 13.0,
    "f1_MECHANISM": 0.8330275229357799,
    "p_MECHANISM": 0.8470149253731343,
    "r_MECHANISM": 0.8194945848375451,
    "support_MECHANISM": 277.0,
    "micro_f1_pos_DrugBank": 0.8233676975945017,
    "micro_p_pos_DrugBank": 0.8183060109289617,
    "micro_r_pos_DrugBank": 0.8284923928077456,
    "micro_f1_pos_MedLine": 0.5641025641025641,
    "micro_p_pos_MedLine": 0.5789473684210527,
    "micro_r_pos_MedLine": 0.55,
    "train_size": 26785,
    "val_size": 6276,
    "train_time": 379.6
  },
  "notes": "human baseline, 70/15/15 split, winning config",
  "git_sha": "382a26568a718168228e3bcbe651c3e0f15c2f27",
  "git_dirty": true
}