{
  "run_id": "20260722-181319-8fe12f",
  "timestamp": "2026-07-22T18:13:19",
  "config": {
    "model_name": "microsoft/BiomedNLP-BiomedBERT-base-uncased-abstract-fulltext",
    "epochs": 3,
    "lr": 2e-05,
    "batch_size": 32,
    "max_length": 256,
    "marker_init": "random",
    "neg_ratio": null,
    "seed": 0,
    "dataset": "human"
  },
  "metrics": {
    "micro_f1_pos": 0.8636363636363636,
    "micro_p_pos": 0.8587570621468926,
    "micro_r_pos": 0.8685714285714285,
    "macro_f1_pos": 0.8354246898524393,
    "macro_p_pos": 0.8183745484507002,
    "macro_r_pos": 0.8552776515681066,
    "f1_ADVISE": 0.8666666666666667,
    "p_ADVISE": 0.8666666666666667,
    "r_ADVISE": 0.8666666666666667,
    "support_ADVISE": 180.0,
    "f1_EFFECT": 0.8641304347826086,
    "p_EFFECT": 0.8641304347826086,
    "r_EFFECT": 0.8641304347826086,
    "support_EFFECT": 368.0,
    "f1_INT": 0.7428571428571429,
    "p_INT": 0.6842105263157895,
    "r_INT": 0.8125,
    "support_INT": 16.0,
    "f1_MECHANISM": 0.8680445151033387,
    "p_MECHANISM": 0.8584905660377359,
    "r_MECHANISM": 0.8778135048231511,
    "support_MECHANISM": 311.0,
    "micro_f1_pos_DrugBank": 0.8685916322922805,
    "micro_p_pos_DrugBank": 0.8670588235294118,
    "micro_r_pos_DrugBank": 0.8701298701298701,
    "micro_f1_pos_MedLine": 0.7301587301587301,
    "micro_p_pos_MedLine": 0.6571428571428571,
    "micro_r_pos_MedLine": 0.8214285714285714,
    "train_size": 29746,
    "val_size": 7558,
    "train_time": 200.5
  },
  "notes": "",
  "git_sha": "f998ac9676889eb44ca9dd787c536ce282d13214",
  "git_dirty": false
}