{
  "run_id": "20260722-174829-e288c4",
  "timestamp": "2026-07-22T17:48:29",
  "config": {
    "model_name": "microsoft/BiomedNLP-BiomedBERT-base-uncased-abstract-fulltext",
    "epochs": 3,
    "lr": 2e-05,
    "batch_size": 32,
    "max_length": 256,
    "marker_init": "subword",
    "neg_ratio": 5,
    "seed": 1,
    "dataset": "human"
  },
  "metrics": {
    "micro_f1_pos": 0.8331539289558665,
    "micro_p_pos": 0.7873855544252288,
    "micro_r_pos": 0.8845714285714286,
    "macro_f1_pos": 0.7382710523762188,
    "macro_p_pos": 0.6770300664355143,
    "macro_r_pos": 0.8672156301940134,
    "f1_ADVISE": 0.8320413436692506,
    "p_ADVISE": 0.7777777777777778,
    "r_ADVISE": 0.8944444444444445,
    "support_ADVISE": 180.0,
    "f1_EFFECT": 0.8582375478927203,
    "p_EFFECT": 0.8096385542168675,
    "r_EFFECT": 0.9130434782608695,
    "support_EFFECT": 368.0,
    "f1_INT": 0.41935483870967744,
    "p_INT": 0.2826086956521739,
    "r_INT": 0.8125,
    "support_INT": 16.0,
    "f1_MECHANISM": 0.8434504792332268,
    "p_MECHANISM": 0.8380952380952381,
    "r_MECHANISM": 0.8488745980707395,
    "support_MECHANISM": 311.0,
    "micro_f1_pos_DrugBank": 0.8375209380234506,
    "micro_p_pos_DrugBank": 0.7944915254237288,
    "micro_r_pos_DrugBank": 0.885478158205431,
    "micro_f1_pos_MedLine": 0.7164179104477612,
    "micro_p_pos_MedLine": 0.6153846153846154,
    "micro_r_pos_MedLine": 0.8571428571428571,
    "train_size": 18042,
    "val_size": 7558,
    "train_time": 123.8
  },
  "notes": "",
  "git_sha": "f998ac9676889eb44ca9dd787c536ce282d13214",
  "git_dirty": false
}