{
  "run_id": "20260723-052632-d5fc91",
  "timestamp": "2026-07-23T05:26:32",
  "train_id": "20260723-051722-021127",
  "eval_id": "20260723-032552-e46d2b",
  "config": {
    "model_name": "microsoft/BiomedNLP-BiomedBERT-base-uncased-abstract-fulltext",
    "epochs": 3,
    "lr": 2e-05,
    "batch_size": 32,
    "max_length": 256,
    "neg_ratio": null,
    "seed": 0,
    "dataset": "synthetic"
  },
  "metrics": {
    "micro_f1_pos": 0.3157894736842105,
    "micro_p_pos": 0.5431034482758621,
    "micro_r_pos": 0.2226148409893993,
    "macro_f1_pos": 0.34622702489081797,
    "macro_p_pos": 0.5570122630992196,
    "macro_r_pos": 0.2541128690604869,
    "f1_ADVISE": 0.4205128205128205,
    "p_ADVISE": 0.5942028985507246,
    "r_ADVISE": 0.3253968253968254,
    "support_ADVISE": 126.0,
    "f1_EFFECT": 0.2867132867132867,
    "p_EFFECT": 0.5466666666666666,
    "r_EFFECT": 0.1943127962085308,
    "support_EFFECT": 211.0,
    "f1_INT": 0.41379310344827586,
    "p_INT": 0.6,
    "r_INT": 0.3157894736842105,
    "support_INT": 19.0,
    "f1_MECHANISM": 0.2638888888888889,
    "p_MECHANISM": 0.48717948717948717,
    "r_MECHANISM": 0.18095238095238095,
    "support_MECHANISM": 210.0,
    "micro_f1_pos_DrugBank": 0.31620553359683795,
    "micro_p_pos_DrugBank": 0.547945205479452,
    "micro_r_pos_DrugBank": 0.2222222222222222,
    "micro_f1_pos_MedLine": 0.3076923076923077,
    "micro_p_pos_MedLine": 0.46153846153846156,
    "micro_r_pos_MedLine": 0.23076923076923078,
    "train_size": 13968,
    "val_size": 4243,
    "train_time": 89.8
  },
  "notes": "synthetic-only v6 (first model trained on synthetic data)",
  "git_sha": "d777e52dec01f03c76cb5244ff64c24fe780159b",
  "git_dirty": true
}