{
  "run_id": "20260722-175033-c255ba",
  "timestamp": "2026-07-22T17:50:33",
  "config": {
    "model_name": "microsoft/BiomedNLP-BiomedBERT-base-uncased-abstract-fulltext",
    "epochs": 3,
    "lr": 2e-05,
    "batch_size": 32,
    "max_length": 256,
    "marker_init": "subword",
    "neg_ratio": 5,
    "seed": 2,
    "dataset": "human"
  },
  "metrics": {
    "micro_f1_pos": 0.8344155844155844,
    "micro_p_pos": 0.7923946557040082,
    "micro_r_pos": 0.8811428571428571,
    "macro_f1_pos": 0.7816770531056245,
    "macro_p_pos": 0.7364388879774503,
    "macro_r_pos": 0.8341537447380276,
    "f1_ADVISE": 0.797979797979798,
    "p_ADVISE": 0.7314814814814815,
    "r_ADVISE": 0.8777777777777778,
    "support_ADVISE": 180.0,
    "f1_EFFECT": 0.8461538461538461,
    "p_EFFECT": 0.8009708737864077,
    "r_EFFECT": 0.8967391304347826,
    "support_EFFECT": 368.0,
    "f1_INT": 0.6285714285714286,
    "p_INT": 0.5789473684210527,
    "r_INT": 0.6875,
    "support_INT": 16.0,
    "f1_MECHANISM": 0.8540031397174255,
    "p_MECHANISM": 0.8343558282208589,
    "r_MECHANISM": 0.8745980707395499,
    "support_MECHANISM": 311.0,
    "micro_f1_pos_DrugBank": 0.8450704225352113,
    "micro_p_pos_DrugBank": 0.8081896551724138,
    "micro_r_pos_DrugBank": 0.885478158205431,
    "micro_f1_pos_MedLine": 0.5753424657534246,
    "micro_p_pos_MedLine": 0.4666666666666667,
    "micro_r_pos_MedLine": 0.75,
    "train_size": 18042,
    "val_size": 7558,
    "train_time": 123.8
  },
  "notes": "",
  "git_sha": "f998ac9676889eb44ca9dd787c536ce282d13214",
  "git_dirty": false
}