{
  "run_id": "20260722-182922-89e0ac",
  "timestamp": "2026-07-22T18:29:22",
  "config": {
    "model_name": "microsoft/BiomedNLP-BiomedBERT-base-uncased-abstract-fulltext",
    "epochs": 3,
    "lr": 2e-05,
    "batch_size": 32,
    "max_length": 256,
    "marker_init": "mean",
    "neg_ratio": 5,
    "seed": 2,
    "dataset": "human"
  },
  "metrics": {
    "micro_f1_pos": 0.8092812676853424,
    "micro_p_pos": 0.8015695067264574,
    "micro_r_pos": 0.8171428571428572,
    "macro_f1_pos": 0.7782781729974515,
    "macro_p_pos": 0.7514628919480115,
    "macro_r_pos": 0.8175979484132532,
    "f1_ADVISE": 0.8031496062992126,
    "p_ADVISE": 0.7611940298507462,
    "r_ADVISE": 0.85,
    "support_ADVISE": 180.0,
    "f1_EFFECT": 0.825065274151436,
    "p_EFFECT": 0.7939698492462312,
    "r_EFFECT": 0.8586956521739131,
    "support_EFFECT": 368.0,
    "f1_INT": 0.6842105263157895,
    "p_INT": 0.5909090909090909,
    "r_INT": 0.8125,
    "support_INT": 16.0,
    "f1_MECHANISM": 0.8006872852233677,
    "p_MECHANISM": 0.8597785977859779,
    "r_MECHANISM": 0.7491961414790996,
    "support_MECHANISM": 311.0,
    "micro_f1_pos_DrugBank": 0.8155111633372503,
    "micro_p_pos_DrugBank": 0.8116959064327486,
    "micro_r_pos_DrugBank": 0.8193624557260921,
    "micro_f1_pos_MedLine": 0.6461538461538462,
    "micro_p_pos_MedLine": 0.5675675675675675,
    "micro_r_pos_MedLine": 0.75,
    "train_size": 18042,
    "val_size": 7558,
    "train_time": 123.4
  },
  "notes": "",
  "git_sha": "f998ac9676889eb44ca9dd787c536ce282d13214",
  "git_dirty": false
}