{
  "run_id": "20260722-174422-e38fa4",
  "timestamp": "2026-07-22T17:44:22",
  "config": {
    "model_name": "microsoft/BiomedNLP-BiomedBERT-base-uncased-abstract-fulltext",
    "epochs": 3,
    "lr": 2e-05,
    "batch_size": 32,
    "max_length": 256,
    "marker_init": "subword",
    "neg_ratio": 2,
    "seed": 2,
    "dataset": "human"
  },
  "metrics": {
    "micro_f1_pos": 0.7644749754661433,
    "micro_p_pos": 0.6698194325021496,
    "micro_r_pos": 0.8902857142857142,
    "macro_f1_pos": 0.6963651726742639,
    "macro_p_pos": 0.5922845468492791,
    "macro_r_pos": 0.8734880566817342,
    "f1_ADVISE": 0.7354260089686099,
    "p_ADVISE": 0.6165413533834586,
    "r_ADVISE": 0.9111111111111111,
    "support_ADVISE": 180.0,
    "f1_EFFECT": 0.772093023255814,
    "p_EFFECT": 0.6747967479674797,
    "r_EFFECT": 0.9021739130434783,
    "support_EFFECT": 368.0,
    "f1_INT": 0.48148148148148145,
    "p_INT": 0.34210526315789475,
    "r_INT": 0.8125,
    "support_INT": 16.0,
    "f1_MECHANISM": 0.7964601769911505,
    "p_MECHANISM": 0.7356948228882834,
    "r_MECHANISM": 0.8681672025723473,
    "support_MECHANISM": 311.0,
    "micro_f1_pos_DrugBank": 0.7744245524296676,
    "micro_p_pos_DrugBank": 0.6832129963898917,
    "micro_r_pos_DrugBank": 0.8937426210153483,
    "micro_f1_pos_MedLine": 0.5301204819277109,
    "micro_p_pos_MedLine": 0.4,
    "micro_r_pos_MedLine": 0.7857142857142857,
    "train_size": 9021,
    "val_size": 7558,
    "train_time": 64.1
  },
  "notes": "",
  "git_sha": "f998ac9676889eb44ca9dd787c536ce282d13214",
  "git_dirty": false
}