{
  "run_id": "20260722-181639-b15f9c",
  "timestamp": "2026-07-22T18:16:39",
  "config": {
    "model_name": "microsoft/BiomedNLP-BiomedBERT-base-uncased-abstract-fulltext",
    "epochs": 3,
    "lr": 2e-05,
    "batch_size": 32,
    "max_length": 256,
    "marker_init": "random",
    "neg_ratio": null,
    "seed": 1,
    "dataset": "human"
  },
  "metrics": {
    "micro_f1_pos": 0.8489289740698985,
    "micro_p_pos": 0.8375973303670745,
    "micro_r_pos": 0.8605714285714285,
    "macro_f1_pos": 0.74422238016077,
    "macro_p_pos": 0.7132823049996524,
    "macro_r_pos": 0.8048631498827221,
    "f1_ADVISE": 0.8337730870712401,
    "p_ADVISE": 0.7939698492462312,
    "r_ADVISE": 0.8777777777777778,
    "support_ADVISE": 180.0,
    "f1_EFFECT": 0.8835341365461847,
    "p_EFFECT": 0.8707124010554089,
    "r_EFFECT": 0.8967391304347826,
    "support_EFFECT": 368.0,
    "f1_INT": 0.40816326530612246,
    "p_INT": 0.30303030303030304,
    "r_INT": 0.625,
    "support_INT": 16.0,
    "f1_MECHANISM": 0.8514190317195326,
    "p_MECHANISM": 0.8854166666666666,
    "r_MECHANISM": 0.819935691318328,
    "support_MECHANISM": 311.0,
    "micro_f1_pos_DrugBank": 0.8571428571428571,
    "micro_p_pos_DrugBank": 0.8467741935483871,
    "micro_r_pos_DrugBank": 0.8677685950413223,
    "micro_f1_pos_MedLine": 0.6101694915254238,
    "micro_p_pos_MedLine": 0.5806451612903226,
    "micro_r_pos_MedLine": 0.6428571428571429,
    "train_size": 29746,
    "val_size": 7558,
    "train_time": 200.6
  },
  "notes": "",
  "git_sha": "f998ac9676889eb44ca9dd787c536ce282d13214",
  "git_dirty": false
}