{
  "run_id": "20260722-182208-2957c9",
  "timestamp": "2026-07-22T18:22:08",
  "config": {
    "model_name": "microsoft/BiomedNLP-BiomedBERT-base-uncased-abstract-fulltext",
    "epochs": 3,
    "lr": 2e-05,
    "batch_size": 32,
    "max_length": 256,
    "marker_init": "mean",
    "neg_ratio": 2,
    "seed": 1,
    "dataset": "human"
  },
  "metrics": {
    "micro_f1_pos": 0.8179871520342612,
    "micro_p_pos": 0.7693856998992951,
    "micro_r_pos": 0.8731428571428571,
    "macro_f1_pos": 0.7410877702866843,
    "macro_p_pos": 0.6724135916042426,
    "macro_r_pos": 0.8604596750392222,
    "f1_ADVISE": 0.8060453400503779,
    "p_ADVISE": 0.7373271889400922,
    "r_ADVISE": 0.8888888888888888,
    "support_ADVISE": 180.0,
    "f1_EFFECT": 0.8305304010349288,
    "p_EFFECT": 0.7925925925925926,
    "r_EFFECT": 0.8722826086956522,
    "support_EFFECT": 368.0,
    "f1_INT": 0.49056603773584906,
    "p_INT": 0.35135135135135137,
    "r_INT": 0.8125,
    "support_INT": 16.0,
    "f1_MECHANISM": 0.8372093023255814,
    "p_MECHANISM": 0.8083832335329342,
    "r_MECHANISM": 0.8681672025723473,
    "support_MECHANISM": 311.0,
    "micro_f1_pos_DrugBank": 0.8253615127919911,
    "micro_p_pos_DrugBank": 0.7802313354363828,
    "micro_r_pos_DrugBank": 0.8760330578512396,
    "micro_f1_pos_MedLine": 0.6285714285714286,
    "micro_p_pos_MedLine": 0.5238095238095238,
    "micro_r_pos_MedLine": 0.7857142857142857,
    "train_size": 9021,
    "val_size": 7558,
    "train_time": 63.9
  },
  "notes": "",
  "git_sha": "f998ac9676889eb44ca9dd787c536ce282d13214",
  "git_dirty": false
}