{
  "run_id": "20260722-183604-8731af",
  "timestamp": "2026-07-22T18:36:04",
  "config": {
    "model_name": "microsoft/BiomedNLP-BiomedBERT-base-uncased-abstract-fulltext",
    "epochs": 3,
    "lr": 2e-05,
    "batch_size": 32,
    "max_length": 256,
    "marker_init": "mean",
    "neg_ratio": null,
    "seed": 1,
    "dataset": "human"
  },
  "metrics": {
    "micro_f1_pos": 0.8270509977827051,
    "micro_p_pos": 0.8030139935414424,
    "micro_r_pos": 0.8525714285714285,
    "macro_f1_pos": 0.7398225160277401,
    "macro_p_pos": 0.6945536555967577,
    "macro_r_pos": 0.8145058600121161,
    "f1_ADVISE": 0.7938931297709924,
    "p_ADVISE": 0.7323943661971831,
    "r_ADVISE": 0.8666666666666667,
    "support_ADVISE": 180.0,
    "f1_EFFECT": 0.8521505376344086,
    "p_EFFECT": 0.8430851063829787,
    "r_EFFECT": 0.8614130434782609,
    "support_EFFECT": 368.0,
    "f1_INT": 0.46808510638297873,
    "p_INT": 0.3548387096774194,
    "r_INT": 0.6875,
    "support_INT": 16.0,
    "f1_MECHANISM": 0.8451612903225807,
    "p_MECHANISM": 0.8478964401294499,
    "r_MECHANISM": 0.842443729903537,
    "support_MECHANISM": 311.0,
    "micro_f1_pos_DrugBank": 0.8353413654618473,
    "micro_p_pos_DrugBank": 0.8125,
    "micro_r_pos_DrugBank": 0.859504132231405,
    "micro_f1_pos_MedLine": 0.5901639344262295,
    "micro_p_pos_MedLine": 0.5454545454545454,
    "micro_r_pos_MedLine": 0.6428571428571429,
    "train_size": 29746,
    "val_size": 7558,
    "train_time": 200.6
  },
  "notes": "",
  "git_sha": "f998ac9676889eb44ca9dd787c536ce282d13214",
  "git_dirty": false
}