{
  "run_id": "20260722-182719-e96d1d",
  "timestamp": "2026-07-22T18:27:19",
  "config": {
    "model_name": "microsoft/BiomedNLP-BiomedBERT-base-uncased-abstract-fulltext",
    "epochs": 3,
    "lr": 2e-05,
    "batch_size": 32,
    "max_length": 256,
    "marker_init": "mean",
    "neg_ratio": 5,
    "seed": 1,
    "dataset": "human"
  },
  "metrics": {
    "micro_f1_pos": 0.8228195282501372,
    "micro_p_pos": 0.7911392405063291,
    "micro_r_pos": 0.8571428571428571,
    "macro_f1_pos": 0.7416772735065048,
    "macro_p_pos": 0.6894126458649763,
    "macro_r_pos": 0.8342975266787828,
    "f1_ADVISE": 0.8238341968911918,
    "p_ADVISE": 0.7718446601941747,
    "r_ADVISE": 0.8833333333333333,
    "support_ADVISE": 180.0,
    "f1_EFFECT": 0.8298429319371727,
    "p_EFFECT": 0.8005050505050505,
    "r_EFFECT": 0.8614130434782609,
    "support_EFFECT": 368.0,
    "f1_INT": 0.47058823529411764,
    "p_INT": 0.34285714285714286,
    "r_INT": 0.75,
    "support_INT": 16.0,
    "f1_MECHANISM": 0.842443729903537,
    "p_MECHANISM": 0.842443729903537,
    "r_MECHANISM": 0.842443729903537,
    "support_MECHANISM": 311.0,
    "micro_f1_pos_DrugBank": 0.8288800454803866,
    "micro_p_pos_DrugBank": 0.7993421052631579,
    "micro_r_pos_DrugBank": 0.8606847697756789,
    "micro_f1_pos_MedLine": 0.65625,
    "micro_p_pos_MedLine": 0.5833333333333334,
    "micro_r_pos_MedLine": 0.75,
    "train_size": 18042,
    "val_size": 7558,
    "train_time": 123.4
  },
  "notes": "",
  "git_sha": "f998ac9676889eb44ca9dd787c536ce282d13214",
  "git_dirty": false
}