{
  "run_id": "20260722-180036-52f9b1",
  "timestamp": "2026-07-22T18:00:36",
  "config": {
    "model_name": "microsoft/BiomedNLP-BiomedBERT-base-uncased-abstract-fulltext",
    "epochs": 3,
    "lr": 2e-05,
    "batch_size": 32,
    "max_length": 256,
    "marker_init": "subword",
    "neg_ratio": null,
    "seed": 2,
    "dataset": "human"
  },
  "metrics": {
    "micro_f1_pos": 0.8326848249027238,
    "micro_p_pos": 0.8106060606060606,
    "micro_r_pos": 0.856,
    "macro_f1_pos": 0.7651205703956954,
    "macro_p_pos": 0.7209429873184712,
    "macro_r_pos": 0.8309420484023797,
    "f1_ADVISE": 0.7958656330749354,
    "p_ADVISE": 0.7439613526570048,
    "r_ADVISE": 0.8555555555555555,
    "support_ADVISE": 180.0,
    "f1_EFFECT": 0.8373333333333334,
    "p_EFFECT": 0.8219895287958116,
    "r_EFFECT": 0.8532608695652174,
    "support_EFFECT": 368.0,
    "f1_INT": 0.5581395348837209,
    "p_INT": 0.4444444444444444,
    "r_INT": 0.75,
    "support_INT": 16.0,
    "f1_MECHANISM": 0.8691437802907916,
    "p_MECHANISM": 0.8733766233766234,
    "r_MECHANISM": 0.864951768488746,
    "support_MECHANISM": 311.0,
    "micro_f1_pos_DrugBank": 0.8421658986175116,
    "micro_p_pos_DrugBank": 0.8222722159730034,
    "micro_r_pos_DrugBank": 0.8630460448642266,
    "micro_f1_pos_MedLine": 0.5714285714285714,
    "micro_p_pos_MedLine": 0.5142857142857142,
    "micro_r_pos_MedLine": 0.6428571428571429,
    "train_size": 29746,
    "val_size": 7558,
    "train_time": 200.8
  },
  "notes": "",
  "git_sha": "f998ac9676889eb44ca9dd787c536ce282d13214",
  "git_dirty": false
}