{
  "run_id": "20260722-180140-1d319d",
  "timestamp": "2026-07-22T18:01:40",
  "config": {
    "model_name": "microsoft/BiomedNLP-BiomedBERT-base-uncased-abstract-fulltext",
    "epochs": 3,
    "lr": 2e-05,
    "batch_size": 32,
    "max_length": 256,
    "marker_init": "random",
    "neg_ratio": 2,
    "seed": 0,
    "dataset": "human"
  },
  "metrics": {
    "micro_f1_pos": 0.797514241325738,
    "micro_p_pos": 0.7291666666666666,
    "micro_r_pos": 0.88,
    "macro_f1_pos": 0.7467141330310912,
    "macro_p_pos": 0.6702195111244715,
    "macro_r_pos": 0.8500131063889278,
    "f1_ADVISE": 0.7902439024390244,
    "p_ADVISE": 0.7043478260869566,
    "r_ADVISE": 0.9,
    "support_ADVISE": 180.0,
    "f1_EFFECT": 0.8038507821901324,
    "p_EFFECT": 0.7213822894168467,
    "r_EFFECT": 0.907608695652174,
    "support_EFFECT": 368.0,
    "f1_INT": 0.5853658536585366,
    "p_INT": 0.48,
    "r_INT": 0.75,
    "support_INT": 16.0,
    "f1_MECHANISM": 0.8073959938366718,
    "p_MECHANISM": 0.7751479289940828,
    "r_MECHANISM": 0.842443729903537,
    "support_MECHANISM": 311.0,
    "micro_f1_pos_DrugBank": 0.8055853920515574,
    "micro_p_pos_DrugBank": 0.7389162561576355,
    "micro_r_pos_DrugBank": 0.885478158205431,
    "micro_f1_pos_MedLine": 0.5797101449275363,
    "micro_p_pos_MedLine": 0.4878048780487805,
    "micro_r_pos_MedLine": 0.7142857142857143,
    "train_size": 9021,
    "val_size": 7558,
    "train_time": 64.1
  },
  "notes": "",
  "git_sha": "f998ac9676889eb44ca9dd787c536ce282d13214",
  "git_dirty": false
}