{
  "run_id": "20260722-175355-02944a",
  "timestamp": "2026-07-22T17:53:55",
  "config": {
    "model_name": "microsoft/BiomedNLP-BiomedBERT-base-uncased-abstract-fulltext",
    "epochs": 3,
    "lr": 2e-05,
    "batch_size": 32,
    "max_length": 256,
    "marker_init": "subword",
    "neg_ratio": null,
    "seed": 0,
    "dataset": "human"
  },
  "metrics": {
    "micro_f1_pos": 0.8496880317640386,
    "micro_p_pos": 0.8434684684684685,
    "micro_r_pos": 0.856,
    "macro_f1_pos": 0.7938309572399747,
    "macro_p_pos": 0.7754767168391599,
    "macro_r_pos": 0.8152493320595864,
    "f1_ADVISE": 0.8213333333333334,
    "p_ADVISE": 0.7897435897435897,
    "r_ADVISE": 0.8555555555555555,
    "support_ADVISE": 180.0,
    "f1_EFFECT": 0.8687415426251691,
    "p_EFFECT": 0.8652291105121294,
    "r_EFFECT": 0.8722826086956522,
    "support_EFFECT": 368.0,
    "f1_INT": 0.6285714285714286,
    "p_INT": 0.5789473684210527,
    "r_INT": 0.6875,
    "support_INT": 16.0,
    "f1_MECHANISM": 0.8566775244299675,
    "p_MECHANISM": 0.8679867986798679,
    "r_MECHANISM": 0.8456591639871383,
    "support_MECHANISM": 311.0,
    "micro_f1_pos_DrugBank": 0.8566392479435958,
    "micro_p_pos_DrugBank": 0.8526315789473684,
    "micro_r_pos_DrugBank": 0.8606847697756789,
    "micro_f1_pos_MedLine": 0.6557377049180327,
    "micro_p_pos_MedLine": 0.6060606060606061,
    "micro_r_pos_MedLine": 0.7142857142857143,
    "train_size": 29746,
    "val_size": 7558,
    "train_time": 201.6
  },
  "notes": "",
  "git_sha": "f998ac9676889eb44ca9dd787c536ce282d13214",
  "git_dirty": false
}