{
  "run_id": "20260722-180958-ad436a",
  "timestamp": "2026-07-22T18:09:58",
  "config": {
    "model_name": "microsoft/BiomedNLP-BiomedBERT-base-uncased-abstract-fulltext",
    "epochs": 3,
    "lr": 2e-05,
    "batch_size": 32,
    "max_length": 256,
    "marker_init": "random",
    "neg_ratio": 5,
    "seed": 2,
    "dataset": "human"
  },
  "metrics": {
    "micro_f1_pos": 0.8372093023255814,
    "micro_p_pos": 0.8120300751879699,
    "micro_r_pos": 0.864,
    "macro_f1_pos": 0.797393268474108,
    "macro_p_pos": 0.7558053879717337,
    "macro_r_pos": 0.8526967123351508,
    "f1_ADVISE": 0.8390501319261213,
    "p_ADVISE": 0.7989949748743719,
    "r_ADVISE": 0.8833333333333333,
    "support_ADVISE": 180.0,
    "f1_EFFECT": 0.8384615384615385,
    "p_EFFECT": 0.7936893203883495,
    "r_EFFECT": 0.8885869565217391,
    "support_EFFECT": 368.0,
    "f1_INT": 0.6666666666666666,
    "p_INT": 0.5652173913043478,
    "r_INT": 0.8125,
    "support_INT": 16.0,
    "f1_MECHANISM": 0.8453947368421053,
    "p_MECHANISM": 0.8653198653198653,
    "r_MECHANISM": 0.8263665594855305,
    "support_MECHANISM": 311.0,
    "micro_f1_pos_DrugBank": 0.8445209409064831,
    "micro_p_pos_DrugBank": 0.8214285714285714,
    "micro_r_pos_DrugBank": 0.8689492325855962,
    "micro_f1_pos_MedLine": 0.6349206349206349,
    "micro_p_pos_MedLine": 0.5714285714285714,
    "micro_r_pos_MedLine": 0.7142857142857143,
    "train_size": 18042,
    "val_size": 7558,
    "train_time": 123.6
  },
  "notes": "",
  "git_sha": "f998ac9676889eb44ca9dd787c536ce282d13214",
  "git_dirty": false
}