{
  "run_id": "20260722-180244-54c39b",
  "timestamp": "2026-07-22T18:02:44",
  "config": {
    "model_name": "microsoft/BiomedNLP-BiomedBERT-base-uncased-abstract-fulltext",
    "epochs": 3,
    "lr": 2e-05,
    "batch_size": 32,
    "max_length": 256,
    "marker_init": "random",
    "neg_ratio": 2,
    "seed": 1,
    "dataset": "human"
  },
  "metrics": {
    "micro_f1_pos": 0.806677436725902,
    "micro_p_pos": 0.7627291242362525,
    "micro_r_pos": 0.856,
    "macro_f1_pos": 0.7487934055771899,
    "macro_p_pos": 0.6958157229580793,
    "macro_r_pos": 0.8185104928778911,
    "f1_ADVISE": 0.8247422680412371,
    "p_ADVISE": 0.7692307692307693,
    "r_ADVISE": 0.8888888888888888,
    "support_ADVISE": 180.0,
    "f1_EFFECT": 0.8004956629491945,
    "p_EFFECT": 0.7357630979498861,
    "r_EFFECT": 0.8777173913043478,
    "support_EFFECT": 368.0,
    "f1_INT": 0.55,
    "p_INT": 0.4583333333333333,
    "r_INT": 0.6875,
    "support_INT": 16.0,
    "f1_MECHANISM": 0.819935691318328,
    "p_MECHANISM": 0.819935691318328,
    "r_MECHANISM": 0.819935691318328,
    "support_MECHANISM": 311.0,
    "micro_f1_pos_DrugBank": 0.8151870463428252,
    "micro_p_pos_DrugBank": 0.7733050847457628,
    "micro_r_pos_DrugBank": 0.8618654073199528,
    "micro_f1_pos_MedLine": 0.5757575757575758,
    "micro_p_pos_MedLine": 0.5,
    "micro_r_pos_MedLine": 0.6785714285714286,
    "train_size": 9021,
    "val_size": 7558,
    "train_time": 63.8
  },
  "notes": "",
  "git_sha": "f998ac9676889eb44ca9dd787c536ce282d13214",
  "git_dirty": false
}