{
  "run_id": "20260722-174625-07180e",
  "timestamp": "2026-07-22T17:46:25",
  "config": {
    "model_name": "microsoft/BiomedNLP-BiomedBERT-base-uncased-abstract-fulltext",
    "epochs": 3,
    "lr": 2e-05,
    "batch_size": 32,
    "max_length": 256,
    "marker_init": "subword",
    "neg_ratio": 5,
    "seed": 0,
    "dataset": "human"
  },
  "metrics": {
    "micro_f1_pos": 0.8140814081408141,
    "micro_p_pos": 0.7847295864262991,
    "micro_r_pos": 0.8457142857142858,
    "macro_f1_pos": 0.730794701802678,
    "macro_p_pos": 0.6798456211149119,
    "macro_r_pos": 0.8268064487316898,
    "f1_ADVISE": 0.805,
    "p_ADVISE": 0.7318181818181818,
    "r_ADVISE": 0.8944444444444445,
    "support_ADVISE": 180.0,
    "f1_EFFECT": 0.8440366972477065,
    "p_EFFECT": 0.8151898734177215,
    "r_EFFECT": 0.875,
    "support_EFFECT": 368.0,
    "f1_INT": 0.46153846153846156,
    "p_INT": 0.3333333333333333,
    "r_INT": 0.75,
    "support_INT": 16.0,
    "f1_MECHANISM": 0.8126036484245439,
    "p_MECHANISM": 0.839041095890411,
    "r_MECHANISM": 0.7877813504823151,
    "support_MECHANISM": 311.0,
    "micro_f1_pos_DrugBank": 0.8194285714285714,
    "micro_p_pos_DrugBank": 0.7940199335548173,
    "micro_r_pos_DrugBank": 0.846517119244392,
    "micro_f1_pos_MedLine": 0.6764705882352942,
    "micro_p_pos_MedLine": 0.575,
    "micro_r_pos_MedLine": 0.8214285714285714,
    "train_size": 18042,
    "val_size": 7558,
    "train_time": 123.9
  },
  "notes": "",
  "git_sha": "f998ac9676889eb44ca9dd787c536ce282d13214",
  "git_dirty": false
}