{
  "run_id": "20260722-182000-6bc3e0",
  "timestamp": "2026-07-22T18:20:00",
  "config": {
    "model_name": "microsoft/BiomedNLP-BiomedBERT-base-uncased-abstract-fulltext",
    "epochs": 3,
    "lr": 2e-05,
    "batch_size": 32,
    "max_length": 256,
    "marker_init": "random",
    "neg_ratio": null,
    "seed": 2,
    "dataset": "human"
  },
  "metrics": {
    "micro_f1_pos": 0.8518099547511312,
    "micro_p_pos": 0.8432250839865622,
    "micro_r_pos": 0.8605714285714285,
    "macro_f1_pos": 0.8006221385889192,
    "macro_p_pos": 0.7679766776993816,
    "macro_r_pos": 0.8472729973437718,
    "f1_ADVISE": 0.8225806451612904,
    "p_ADVISE": 0.796875,
    "r_ADVISE": 0.85,
    "support_ADVISE": 180.0,
    "f1_EFFECT": 0.8741542625169147,
    "p_EFFECT": 0.8706199460916442,
    "r_EFFECT": 0.8777173913043478,
    "support_EFFECT": 368.0,
    "f1_INT": 0.65,
    "p_INT": 0.5416666666666666,
    "r_INT": 0.8125,
    "support_INT": 16.0,
    "f1_MECHANISM": 0.8557536466774717,
    "p_MECHANISM": 0.8627450980392157,
    "r_MECHANISM": 0.8488745980707395,
    "support_MECHANISM": 311.0,
    "micro_f1_pos_DrugBank": 0.8611599297012302,
    "micro_p_pos_DrugBank": 0.8546511627906976,
    "micro_r_pos_DrugBank": 0.8677685950413223,
    "micro_f1_pos_MedLine": 0.5901639344262295,
    "micro_p_pos_MedLine": 0.5454545454545454,
    "micro_r_pos_MedLine": 0.6428571428571429,
    "train_size": 29746,
    "val_size": 7558,
    "train_time": 200.6
  },
  "notes": "",
  "git_sha": "f998ac9676889eb44ca9dd787c536ce282d13214",
  "git_dirty": false
}