{
  "run_id": "20260721-053002-504007",
  "timestamp": "2026-07-21T05:30:02",
  "config": {
    "model_name": "microsoft/BiomedNLP-BiomedBERT-base-uncased-abstract-fulltext",
    "marker_init": "mean",
    "epochs": 3,
    "lr": 2e-05,
    "batch_size": 32,
    "max_length": 256,
    "seed": 0,
    "neg_ratio": 5,
    "dataset": "human"
  },
  "metrics": {
    "micro_f1_pos": 0.8364459535936616,
    "micro_p_pos": 0.82847533632287,
    "micro_r_pos": 0.8445714285714285,
    "macro_f1_pos": 0.7656737361268602,
    "macro_p_pos": 0.7311096697139143,
    "macro_r_pos": 0.8254926060549576,
    "f1_ADVISE": 0.8381962864721485,
    "p_ADVISE": 0.8020304568527918,
    "r_ADVISE": 0.8777777777777778,
    "support_ADVISE": 180.0,
    "f1_EFFECT": 0.8512960436562074,
    "p_EFFECT": 0.8547945205479452,
    "r_EFFECT": 0.8478260869565217,
    "support_EFFECT": 368.0,
    "f1_INT": 0.5333333333333333,
    "p_INT": 0.41379310344827586,
    "r_INT": 0.75,
    "support_INT": 16.0,
    "f1_MECHANISM": 0.8398692810457516,
    "p_MECHANISM": 0.8538205980066446,
    "r_MECHANISM": 0.8263665594855305,
    "support_MECHANISM": 311.0,
    "micro_f1_pos_DrugBank": 0.8422287390029326,
    "micro_p_pos_DrugBank": 0.8368298368298368,
    "micro_r_pos_DrugBank": 0.8476977567886659,
    "micro_f1_pos_MedLine": 0.6774193548387096,
    "micro_p_pos_MedLine": 0.6176470588235294,
    "micro_r_pos_MedLine": 0.75,
    "train_size": 18042,
    "val_size": 7558,
    "train_time": 239.2
  },
  "notes": "first working baseline",
  "git_sha": "e86b7c2e4c233070c358c67181f9d38b484bd540",
  "git_dirty": true
}